mean radius,mean perimeter,mean area,mean concavity,mean concave points,worst radius,worst perimeter,worst area,worst concavity,worst concave points,target
14.04,89.78,611.2,0.03534,0.02944,15.66,101.2,750.0,0.1117,0.07453,1
18.94,123.6,1130.0,0.108,0.07951,24.86,165.9,1866.0,0.2687,0.1789,0
15.66,110.2,773.5,0.3176,0.1377,19.85,143.7,1226.0,0.6181,0.2462,0
10.32,65.31,324.9,0.01012,0.005495,11.25,71.12,384.9,0.04384,0.02381,1
11.51,74.52,403.5,0.1112,0.04105,12.48,82.28,474.2,0.363,0.09653,1
11.04,70.92,373.2,0.03046,0.0248,12.41,79.93,471.4,0.1067,0.07431,1
14.92,96.45,686.9,0.05539,0.03221,17.18,112.0,906.6,0.3151,0.1147,1
13.11,87.02,529.4,0.08705,0.05102,14.55,99.48,639.3,0.3162,0.1126,1
13.85,88.99,587.4,0.04479,0.03711,14.98,98.37,670.0,0.1456,0.09993,1
9.738,61.24,288.5,0.0,0.0,10.62,66.53,342.9,0.0,0.0,1
11.22,71.94,387.3,0.005006,0.007583,11.98,76.91,436.1,0.01335,0.02022,1
14.87,96.12,680.9,0.06824,0.04951,16.01,103.9,783.6,0.17,0.1017,1
17.06,111.8,918.6,0.1508,0.09934,20.99,143.2,1362.0,0.392,0.1827,0
17.99,122.8,1001.0,0.3001,0.1471,25.38,184.6,2019.0,0.7119,0.2654,0
14.05,91.38,600.4,0.04462,0.04304,15.3,100.2,706.7,0.1326,0.1048,1
12.34,78.94,468.5,0.02958,0.02647,13.61,87.22,564.9,0.1791,0.107,1
10.03,63.19,307.3,0.00247,0.005159,11.11,69.92,376.3,0.01235,0.02579,1
14.53,94.25,659.7,0.08817,0.02925,16.3,108.1,830.5,0.3779,0.09594,1
11.7,74.33,418.7,0.01583,0.01148,12.61,80.92,483.1,0.07915,0.05741,1
15.5,102.9,803.1,0.1522,0.08481,23.17,157.1,1748.0,0.4211,0.2134,0
11.27,73.38,392.0,0.1007,0.02757,12.04,79.73,450.0,0.3021,0.08272,1
12.99,84.08,514.3,0.03738,0.02098,13.72,87.38,576.0,0.145,0.0585,1
10.94,70.39,370.0,0.04944,0.02932,12.4,82.76,472.4,0.1412,0.07887,1
28.11,188.5,2499.0,0.3201,0.1595,28.11,188.5,2499.0,0.3201,0.1595,0
14.11,90.03,616.5,0.01765,0.02733,15.53,98.4,749.9,0.05307,0.0589,1
10.05,64.41,310.8,0.02511,0.01775,11.16,71.98,384.0,0.1055,0.06499,1
11.6,73.88,412.7,0.03367,0.01777,12.77,82.68,495.1,0.186,0.08288,1
17.02,112.8,899.3,0.2417,0.1203,20.88,136.1,1344.0,0.5588,0.1847,0
11.08,70.21,372.7,0.02363,0.02583,11.35,72.01,396.5,0.03938,0.04306,1
12.94,83.18,507.6,0.03296,0.0239,13.86,89.69,580.9,0.181,0.08388,1
11.04,70.67,372.7,0.03546,0.02074,12.09,79.73,447.1,0.1553,0.06754,1
12.83,82.89,506.9,0.05835,0.03078,14.09,93.22,605.8,0.3476,0.09783,1
13.4,85.48,552.4,0.02181,0.01473,14.73,93.76,663.5,0.1364,0.06987,1
12.19,79.08,455.8,0.02855,0.02882,13.34,91.38,545.2,0.09915,0.08187,1
9.295,59.96,257.8,0.03332,0.02421,10.57,67.84,326.6,0.09996,0.07262,1
20.48,132.5,1306.0,0.09042,0.06022,24.22,161.7,1750.0,0.3158,0.1445,0
11.42,77.58,386.1,0.2414,0.1052,14.91,98.87,567.7,0.6869,0.2575,0
16.78,109.3,886.3,0.08422,0.06576,20.05,130.7,1260.0,0.2318,0.1474,0
12.76,82.29,504.1,0.04052,0.02548,14.19,92.04,618.8,0.1769,0.08411,1
11.63,74.87,415.1,0.0716,0.02017,13.12,86.04,527.8,0.2923,0.06835,1
10.51,68.64,334.2,0.06476,0.03068,11.16,72.62,374.4,0.1295,0.06136,1
9.742,61.93,289.7,0.008934,0.01967,11.21,71.79,380.9,0.02085,0.04589,1
8.196,51.71,201.9,0.01588,0.005917,8.964,57.26,242.2,0.0688,0.02564,1
14.61,92.68,664.9,0.01447,0.01877,16.46,103.7,840.8,0.04746,0.05813,1
11.45,73.81,401.5,0.04591,0.02233,13.11,84.53,525.1,0.1755,0.06127,1
19.53,129.5,1217.0,0.2197,0.1062,25.93,171.1,2053.0,0.6121,0.198,0
12.72,81.78,492.1,0.01288,0.01924,13.5,88.54,553.7,0.05233,0.06343,1
11.84,75.51,428.0,0.02669,0.01393,13.3,85.22,546.3,0.1471,0.06913,1
11.16,70.95,380.3,0.008955,0.01076,12.36,79.26,458.0,0.03582,0.04306,1
13.21,84.88,538.4,0.02987,0.03275,14.37,92.48,629.6,0.1062,0.07958,1
11.27,73.16,386.3,0.079,0.0555,12.84,84.93,476.1,0.2247,0.1318,1
12.0,76.77,442.5,0.04055,0.01945,13.09,85.07,523.7,0.1811,0.07116,1
12.67,81.25,489.9,0.03193,0.02107,13.71,88.7,574.4,0.102,0.05602,1
23.29,158.9,1685.0,0.3523,0.162,25.12,177.0,1986.0,0.7892,0.2733,0
11.2,70.67,386.0,0.0,0.0,11.92,75.19,439.6,0.0,0.0,1
13.27,84.74,551.7,0.03261,0.02648,16.36,104.5,830.6,0.135,0.1001,1
23.21,153.5,1670.0,0.195,0.1237,31.01,206.0,2944.0,0.582,0.2593,0
17.57,115.0,955.1,0.09875,0.07953,20.01,134.9,1227.0,0.2489,0.1456,0
11.46,73.59,403.1,0.03344,0.01502,12.68,82.69,489.8,0.1226,0.05509,1
15.46,102.5,736.9,0.2032,0.1097,18.79,125.0,1102.0,0.583,0.1827,0
10.95,71.9,371.1,0.1044,0.05669,12.84,87.22,514.0,0.4023,0.1424,0
16.17,106.3,788.5,0.06651,0.05397,16.97,113.1,861.5,0.2114,0.1251,1
23.09,152.1,1682.0,0.1676,0.1003,30.79,211.5,2782.0,0.3794,0.2264,0
13.71,90.2,577.9,0.09366,0.05985,17.06,110.6,897.0,0.2678,0.1556,0
11.25,71.38,390.0,0.0009737,0.002941,12.76,82.08,492.7,0.005518,0.01667,1
11.81,75.27,428.9,0.02353,0.01553,12.57,79.57,489.5,0.08803,0.04306,1
12.7,80.88,495.0,0.0236,0.02402,13.65,88.12,566.9,0.09385,0.08224,1
10.57,70.15,338.3,0.228,0.05941,10.85,76.51,351.9,0.603,0.1465,1
11.8,75.26,431.9,0.02853,0.01638,13.45,86.0,562.0,0.1449,0.05356,1
9.683,61.05,285.7,0.02337,0.009615,10.93,69.1,364.2,0.0935,0.03846,1
20.16,131.1,1274.0,0.1155,0.07726,23.06,150.2,1657.0,0.2606,0.1425,0
14.26,97.83,629.9,0.3003,0.07798,15.3,107.0,709.0,0.6783,0.1505,1
11.95,77.23,426.7,0.01171,0.01787,12.81,83.09,496.2,0.03122,0.04766,1
16.16,106.2,809.8,0.1043,0.05613,19.47,129.7,1175.0,0.2992,0.1312,0
13.2,84.07,537.3,0.001461,0.003261,14.41,92.0,636.9,0.0112,0.025,1
13.11,87.21,530.2,0.2071,0.09601,16.31,106.4,827.2,0.6376,0.1986,0
19.21,125.5,1152.0,0.1323,0.08994,26.14,170.1,2145.0,0.3879,0.2091,0
23.27,152.1,1686.0,0.1324,0.09702,28.01,184.2,2403.0,0.3948,0.2346,0
11.36,72.49,399.8,0.02783,0.021,13.05,85.07,521.3,0.1811,0.08698,1
8.888,58.79,244.0,0.08606,0.02872,9.733,62.56,284.4,0.1434,0.04786,1
12.86,83.19,506.3,0.03889,0.02315,14.24,91.88,622.1,0.1731,0.07926,1
13.27,84.55,546.4,0.03554,0.02456,15.14,98.84,708.8,0.1786,0.09678,1
17.35,111.0,933.1,0.02891,0.02837,19.85,128.2,1218.0,0.1211,0.08235,0
13.96,91.43,602.4,0.09789,0.05246,16.39,108.1,826.0,0.3209,0.1374,0
12.85,82.63,514.5,0.06126,0.01867,14.4,91.63,645.8,0.1838,0.05601,1
13.71,88.73,571.0,0.05385,0.03783,15.11,99.43,701.9,0.1935,0.1284,1
12.05,78.75,447.8,0.07943,0.02978,12.57,87.36,488.4,0.2912,0.1092,1
18.66,121.4,1077.0,0.1457,0.08665,22.25,145.4,1549.0,0.3272,0.1674,0
13.8,90.43,584.1,0.07789,0.05069,16.57,110.3,812.4,0.2779,0.1383,0
12.91,82.53,516.4,0.03873,0.02377,13.88,90.81,600.6,0.1764,0.08235,1
8.597,54.09,221.2,0.0,0.0,8.952,56.65,240.1,0.0,0.0,1
14.26,91.22,633.1,0.02475,0.01374,16.22,105.8,819.7,0.1565,0.0753,1
20.2,133.7,1234.0,0.1641,0.1265,24.19,160.0,1671.0,0.3703,0.2152,0
11.14,71.24,384.6,0.04505,0.01471,12.12,79.62,453.5,0.1201,0.03922,1
10.48,66.72,337.7,0.04831,0.0307,11.48,73.68,402.8,0.1181,0.06736,1
11.33,71.79,396.6,0.001487,0.003333,12.2,77.37,458.0,0.004955,0.01111,1
12.36,79.78,466.1,0.06015,0.03745,13.83,91.46,574.7,0.2434,0.1205,1
12.76,81.87,496.6,0.02688,0.01781,13.75,87.82,579.7,0.1255,0.08312,1
17.27,112.4,928.8,0.1204,0.05736,20.38,132.8,1284.0,0.5036,0.1739,0
14.48,94.25,648.2,0.1204,0.04938,16.21,108.4,808.9,0.3349,0.1225,0
18.77,122.9,1092.0,0.106,0.0609,24.54,161.1,1873.0,0.4634,0.2048,0
12.45,82.57,477.1,0.1578,0.08089,15.47,103.4,741.6,0.5355,0.1741,0
15.08,98.0,716.6,0.1235,0.06553,18.51,121.2,1050.0,0.4029,0.1526,0
14.22,94.37,609.9,0.1981,0.06618,15.74,106.4,762.4,0.8488,0.1772,0
12.27,77.42,465.4,0.0,0.0,13.45,85.08,558.9,0.0,0.0,1
11.28,73.0,384.8,0.04635,0.04796,11.92,76.53,434.0,0.08669,0.08611,1
14.76,94.87,668.7,0.04608,0.03528,17.27,114.2,880.8,0.2151,0.1251,1
13.59,87.16,561.0,0.04072,0.02142,14.8,97.66,661.5,0.1453,0.06189,1
16.74,110.1,869.5,0.1348,0.06018,20.01,133.5,1229.0,0.5409,0.1813,0
11.43,73.66,398.0,0.02031,0.01861,12.78,82.66,503.0,0.07708,0.06402,1
13.46,85.89,562.1,0.01271,0.01117,14.69,97.11,680.6,0.07934,0.05781,1
9.333,59.01,264.0,0.03996,0.01282,9.845,62.86,295.8,0.07993,0.02564,1
18.25,119.6,1040.0,0.1127,0.074,22.88,153.2,1606.0,0.3784,0.1932,0
14.64,94.21,666.0,0.05192,0.02791,16.46,106.0,831.0,0.2437,0.07828,1
19.4,129.1,1155.0,0.2049,0.08886,21.65,144.9,1417.0,0.3458,0.1564,0
13.4,88.64,556.7,0.1445,0.08172,16.41,113.3,844.4,0.5106,0.2051,0
19.02,122.0,1076.0,0.1468,0.08271,24.56,152.9,1623.0,0.5755,0.1956,0
11.9,78.11,432.8,0.0371,0.03003,13.15,86.26,509.6,0.0942,0.06042,1
8.571,54.53,221.3,0.02565,0.0151,9.473,63.3,275.6,0.1754,0.08512,1
14.5,94.28,640.7,0.08842,0.05778,15.7,102.8,745.5,0.256,0.1221,1
12.47,81.09,481.9,0.08005,0.03821,14.97,96.05,677.9,0.2671,0.1015,1
11.26,71.3,388.1,0.005067,0.005664,11.93,76.38,435.9,0.02533,0.02832,1
10.26,66.2,321.6,0.03581,0.02037,10.88,70.89,357.1,0.07162,0.04074,1
16.27,106.9,813.7,0.1478,0.08488,19.28,129.8,1121.0,0.3597,0.1583,0
20.13,131.2,1261.0,0.144,0.09791,23.69,155.0,1731.0,0.3215,0.1628,0
11.84,77.93,440.6,0.1218,0.05182,16.82,119.4,888.7,0.6956,0.1546,0
9.668,61.06,286.3,0.01479,0.005769,11.15,71.11,380.2,0.06409,0.025,1
9.405,59.6,271.2,0.02047,0.01257,10.85,68.73,359.4,0.06141,0.0377,1
14.86,100.4,671.4,0.1697,0.08878,16.08,118.6,784.7,0.4589,0.1727,0
14.86,94.89,673.7,0.03346,0.02877,16.31,102.3,777.5,0.122,0.07971,1
21.75,147.3,1491.0,0.2195,0.1088,28.19,195.9,2384.0,0.5807,0.1841,0
9.667,61.49,289.1,0.02948,0.01514,11.14,70.88,385.2,0.1277,0.0656,1
22.27,152.8,1509.0,0.4264,0.1823,28.4,206.8,2360.0,0.9608,0.291,0
14.4,92.25,646.1,0.03476,0.01737,15.4,100.4,734.6,0.1472,0.05563,1
16.46,109.3,832.9,0.1793,0.08866,17.79,123.5,981.2,0.5862,0.2035,0
13.01,82.01,526.4,0.001595,0.001852,14.0,88.18,608.8,0.007977,0.009259,1
10.82,68.89,361.6,0.01548,0.00816,13.03,83.9,505.6,0.06194,0.03264,1
12.77,81.35,507.9,0.01997,0.01499,13.87,88.1,594.7,0.08653,0.06498,1
20.55,137.8,1308.0,0.2085,0.1322,24.3,160.2,1809.0,0.4433,0.2148,0
9.397,59.75,268.8,0.03735,0.005128,9.965,66.61,301.0,0.1868,0.02564,1
13.69,87.84,579.1,0.02556,0.02031,14.84,99.16,670.6,0.1346,0.06987,1
14.03,89.79,603.4,0.01462,0.01896,15.33,98.27,715.5,0.06231,0.07963,1
19.55,128.9,1174.0,0.1856,0.1021,20.82,142.0,1313.0,0.3829,0.1825,0
21.37,141.3,1386.0,0.1932,0.1255,22.69,152.1,1535.0,0.4024,0.1966,0
13.14,85.98,536.9,0.1085,0.0351,14.8,100.9,689.1,0.4504,0.1181,1
14.97,95.5,690.2,0.01947,0.01939,15.98,102.3,782.1,0.0775,0.05754,1
19.89,130.5,1214.0,0.1411,0.09431,23.73,160.5,1646.0,0.4185,0.1613,0
11.54,74.65,402.9,0.06737,0.02594,12.26,78.78,457.8,0.1797,0.06918,1
15.19,97.65,711.8,0.03393,0.02657,16.2,104.5,819.1,0.1362,0.08178,1
19.07,128.3,1104.0,0.2107,0.09961,24.09,177.4,1651.0,0.7242,0.2493,0
13.73,93.6,578.3,0.2128,0.08025,15.03,108.8,697.7,0.6943,0.2208,0
13.9,88.97,599.4,0.02224,0.01339,15.14,101.2,718.9,0.1384,0.06222,1
12.3,78.83,463.7,0.03844,0.01654,13.35,86.65,546.7,0.1423,0.04815,1
20.94,138.9,1364.0,0.2712,0.131,25.58,165.3,2010.0,0.6991,0.2105,0
13.0,83.51,519.4,0.03136,0.02645,14.16,90.82,616.7,0.08112,0.06296,1
15.06,100.3,705.6,0.17,0.08815,18.23,123.5,1025.0,0.5203,0.2115,0
6.981,43.79,143.5,0.0,0.0,7.93,50.41,185.2,0.0,0.0,1
21.1,138.1,1384.0,0.1572,0.1155,25.68,168.2,2022.0,0.4399,0.228,0
9.904,64.6,302.4,0.1307,0.03716,11.26,73.07,390.2,0.3486,0.0991,1
19.68,129.9,1194.0,0.1863,0.1103,22.75,157.6,1540.0,0.4734,0.2255,0
17.68,117.4,963.7,0.1855,0.1054,20.47,132.9,1302.0,0.3583,0.1515,0
27.42,186.9,2501.0,0.3635,0.1689,36.04,251.2,4254.0,0.6833,0.2625,0
12.77,81.72,506.3,0.04711,0.02704,14.49,92.04,653.6,0.2177,0.09331,0
18.49,121.3,1068.0,0.1491,0.09183,22.75,146.4,1600.0,0.3533,0.1663,0
13.94,90.31,594.2,0.101,0.06615,14.62,94.52,653.3,0.1559,0.1015,1
10.66,67.49,349.6,0.0,0.0,11.54,73.2,408.3,0.0,0.0,1
14.97,96.22,685.9,0.02602,0.03781,16.11,104.6,793.7,0.06648,0.08485,1
12.25,78.27,460.3,0.03885,0.02331,13.59,86.6,564.2,0.1943,0.08211,1
19.79,130.4,1192.0,0.2545,0.1149,22.63,148.7,1589.0,0.5673,0.1732,0
14.42,94.15,641.2,0.08007,0.04223,16.67,111.4,862.1,0.3755,0.1414,1
14.54,96.73,658.8,0.1639,0.07364,17.46,124.1,943.2,0.7026,0.1712,0
12.47,80.45,480.1,0.03609,0.02369,14.06,92.82,607.3,0.2028,0.1053,1
13.64,87.21,571.8,0.01857,0.01723,14.67,96.08,656.7,0.105,0.08586,1
16.84,108.4,880.2,0.0515,0.02771,18.22,120.3,1032.0,0.1882,0.08436,1
12.18,77.25,461.4,0.01123,0.005051,12.85,81.6,513.1,0.04116,0.01852,1
10.8,68.77,357.6,0.02531,0.01698,11.6,73.66,414.0,0.1047,0.04603,1
9.465,60.11,269.4,0.02172,0.01504,10.41,67.03,330.7,0.09412,0.06517,1
20.44,133.8,1293.0,0.09799,0.07785,24.31,161.2,1780.0,0.2702,0.1765,0
14.06,89.75,609.1,0.02681,0.03251,14.92,96.42,684.5,0.0846,0.07911,1
8.219,53.27,203.9,0.1321,0.02168,9.092,58.08,249.8,0.5381,0.07879,1
14.6,93.97,664.7,0.0839,0.05271,15.79,102.2,758.2,0.2675,0.1359,0
13.85,88.44,588.7,0.0142,0.01141,15.49,100.3,725.9,0.08115,0.05104,1
13.68,87.76,575.5,0.01752,0.0188,15.85,101.6,773.4,0.1206,0.08704,1
12.54,79.42,491.9,0.001194,0.005449,13.72,86.82,585.7,0.003581,0.01635,1
11.26,73.72,394.1,0.09274,0.05588,11.86,78.27,437.6,0.1546,0.09314,1
11.93,76.53,438.6,0.03328,0.02008,13.67,87.54,583.0,0.1503,0.07247,1
17.19,111.6,928.3,0.09061,0.06527,21.58,140.5,1436.0,0.3889,0.1984,0
12.25,78.18,466.5,0.01714,0.01261,14.17,92.74,622.9,0.123,0.06335,1
10.97,71.73,371.5,0.09457,0.03613,12.36,90.14,476.4,0.4779,0.1555,1
8.734,55.27,234.3,0.0,0.0,10.17,64.01,317.0,0.0,0.0,1
12.34,78.29,469.1,0.02109,0.02054,13.18,84.11,533.1,0.04921,0.04793,1
15.05,97.26,701.9,0.07486,0.04335,17.58,113.8,967.0,0.2866,0.112,0
9.777,62.5,290.2,0.04334,0.01778,11.05,71.68,367.0,0.13,0.05334,1
14.58,97.41,644.8,0.1425,0.08783,17.62,122.4,896.9,0.5539,0.2701,0
13.49,86.91,561.0,0.04751,0.03384,15.15,99.0,698.8,0.2282,0.1282,1
16.3,104.7,819.8,0.05526,0.04563,17.32,109.8,928.2,0.1947,0.1357,1
24.63,165.5,1841.0,0.231,0.1471,29.92,205.7,2642.0,0.4658,0.2475,0
19.69,130.0,1203.0,0.1974,0.1279,23.57,152.5,1709.0,0.4504,0.243,0
11.71,75.03,420.3,0.04006,0.0325,13.06,84.16,516.4,0.1087,0.07864,1
12.56,81.92,485.8,0.103,0.04391,13.37,89.02,547.4,0.2388,0.09265,1
15.13,96.71,719.5,0.04686,0.02739,17.26,110.1,931.4,0.1547,0.06575,0
13.08,85.63,520.0,0.04568,0.0311,14.5,96.09,630.5,0.189,0.07283,1
16.25,109.8,815.8,0.2236,0.09194,17.39,122.1,939.7,0.5897,0.1775,0
11.54,73.73,409.1,0.01367,0.008907,12.34,81.23,467.8,0.08324,0.04715,1
11.15,70.87,381.9,0.01982,0.01786,11.99,76.25,440.8,0.07116,0.05506,1
9.676,64.12,272.5,0.1188,0.07038,10.6,69.47,328.1,0.2913,0.1075,1
10.8,68.79,359.9,0.03614,0.01404,12.76,83.69,489.5,0.1927,0.07485,1
19.1,129.1,1132.0,0.1937,0.1469,20.33,141.3,1298.0,0.2432,0.1841,0
13.88,88.37,596.6,0.02045,0.008507,15.51,99.66,745.3,0.1091,0.04537,1
14.29,90.3,632.6,0.00725,0.00625,14.91,94.44,684.6,0.03866,0.03333,1
15.78,105.7,782.6,0.2133,0.09479,20.19,130.3,1272.0,0.7356,0.2034,0
12.87,82.67,509.2,0.01797,0.0209,14.45,95.14,626.9,0.07127,0.06384,1
11.13,71.49,378.4,0.04824,0.02257,12.02,77.8,436.6,0.1564,0.06413,1
12.04,76.85,449.9,0.02367,0.02377,13.6,87.24,567.6,0.05524,0.05547,1
18.01,118.4,1007.0,0.117,0.07762,21.53,143.4,1426.0,0.2544,0.1489,0
7.76,47.92,181.0,0.0,0.0,9.456,59.16,268.6,0.0,0.0,1
20.6,140.1,1265.0,0.3514,0.152,25.74,184.6,1821.0,0.9387,0.265,0
13.03,82.61,523.8,0.02562,0.02923,13.3,84.46,545.9,0.04833,0.05013,1
14.53,93.86,644.2,0.06895,0.06495,15.8,103.1,749.9,0.1373,0.1069,1
25.73,174.2,2010.0,0.3368,0.1913,33.13,229.3,3234.0,0.6451,0.2756,0
14.25,96.42,645.7,0.2135,0.08653,17.67,119.1,959.5,0.6922,0.1785,0
15.75,107.1,758.6,0.2914,0.1242,17.36,119.4,915.3,0.6872,0.2135,0
16.24,108.8,805.1,0.1948,0.09052,18.55,126.9,1031.0,0.5026,0.1732,0
14.99,95.54,698.8,0.02398,0.02899,14.99,95.54,698.8,0.02398,0.02899,0
8.671,54.42,227.2,0.0,0.0,9.262,58.36,259.2,0.0,0.0,1
11.49,73.99,404.9,0.05308,0.01969,12.4,82.04,467.6,0.2596,0.07431,1
10.16,64.73,311.7,0.005025,0.01116,10.65,67.88,347.3,0.01005,0.02232,1
15.85,103.7,782.7,0.09938,0.05364,16.84,112.0,876.5,0.2322,0.1119,0
14.95,97.84,689.5,0.0905,0.03562,16.25,107.1,809.7,0.25,0.08405,1
13.2,84.13,541.6,0.04336,0.01105,13.94,88.28,602.0,0.2298,0.0497,1
12.05,78.04,449.3,0.06592,0.02749,13.76,89.88,582.6,0.305,0.06548,1
17.2,114.2,929.4,0.1692,0.07944,23.32,151.6,1681.0,0.6566,0.1899,0
12.46,78.83,477.3,0.007173,0.01149,13.19,83.24,534.0,0.01674,0.0268,1
10.86,68.51,360.5,0.0,0.0,11.66,74.08,412.3,0.0,0.0,1
13.37,86.1,553.5,0.08092,0.028,14.26,91.99,632.1,0.3308,0.08978,1
20.59,137.8,1320.0,0.2188,0.1121,23.86,163.2,1760.0,0.5179,0.2113,0
9.755,61.68,290.9,0.01541,0.01043,10.67,68.03,349.9,0.0719,0.04866,1
13.3,85.24,546.1,0.03344,0.02424,14.2,92.94,621.2,0.1212,0.05614,1
10.48,67.49,333.6,0.06335,0.02218,12.13,81.41,440.4,0.2939,0.0931,1
18.22,120.3,1033.0,0.1772,0.106,20.6,135.1,1321.0,0.2623,0.1325,0
14.81,94.66,680.7,0.03416,0.02541,15.61,101.7,760.2,0.1101,0.07955,1
17.91,124.4,994.0,0.3189,0.1198,20.8,149.6,1304.0,0.9034,0.1964,0
16.26,107.5,826.8,0.1799,0.07981,17.73,113.7,975.2,0.3344,0.1047,0
9.606,61.64,280.5,0.08422,0.02292,10.75,71.25,353.6,0.4341,0.0812,1
11.57,74.2,409.7,0.05485,0.01428,13.07,86.43,520.5,0.256,0.06664,1
13.38,86.34,557.2,0.02819,0.03264,15.05,96.69,705.6,0.07003,0.07763,1
14.9,102.1,685.0,0.2733,0.09711,16.35,125.4,832.7,0.9019,0.2475,0
17.47,116.1,984.6,0.2159,0.1043,23.14,155.3,1660.0,0.489,0.1721,0
12.07,77.83,445.2,0.03781,0.02798,13.45,86.92,549.9,0.1622,0.07393,1
12.3,77.88,464.4,0.007756,0.008535,13.35,84.53,544.3,0.03619,0.03983,1
15.3,102.4,732.4,0.1683,0.08751,20.27,149.3,1269.0,0.6335,0.2024,0
12.42,78.61,476.5,0.01053,0.01108,13.2,83.85,543.4,0.06243,0.04052,1
11.52,73.34,409.0,0.03036,0.02278,12.84,81.81,506.2,0.09076,0.06316,1
10.29,65.67,321.4,0.05999,0.02738,10.84,69.57,357.6,0.2,0.09127,1
11.71,74.68,420.3,0.03809,0.03239,13.01,84.42,521.5,0.1521,0.1099,1
9.742,61.5,289.9,0.01103,0.01407,10.75,68.09,355.2,0.04043,0.05159,1
10.08,63.76,317.5,0.001597,0.002404,11.87,75.39,437.0,0.00692,0.01042,1
12.27,78.41,466.1,0.03211,0.02653,14.1,89.0,610.2,0.1377,0.09532,1
15.53,103.7,744.9,0.1751,0.08399,18.49,126.3,1035.0,0.5703,0.2014,0
21.56,142.0,1479.0,0.2439,0.1389,25.45,166.1,2027.0,0.4107,0.2216,0
14.69,98.22,656.1,0.145,0.063,16.46,114.1,809.2,0.3219,0.1108,1
9.72,60.73,288.1,0.0,0.0,9.968,62.25,303.8,0.0,0.0,1
19.53,128.0,1223.0,0.1145,0.06637,27.9,180.2,2477.0,0.3995,0.1625,0
21.16,137.2,1404.0,0.1097,0.08632,29.17,188.0,2615.0,0.3155,0.2009,0
12.9,83.74,512.2,0.04894,0.03088,14.48,97.17,643.8,0.209,0.1012,1
9.876,63.95,298.3,0.06154,0.03029,10.76,72.22,361.2,0.2644,0.09749,1
12.89,81.89,515.9,0.0226,0.01171,13.62,87.4,577.0,0.1186,0.05366,1
24.25,166.2,1761.0,0.4268,0.2012,26.02,180.9,2073.0,0.5803,0.2248,0
22.01,147.2,1482.0,0.2448,0.1501,27.66,195.0,2227.0,0.4756,0.2432,0
12.21,78.31,458.4,0.04392,0.02027,14.29,93.85,624.6,0.2413,0.08829,1
15.22,103.4,716.9,0.255,0.09429,17.52,128.7,915.0,1.17,0.2356,0
11.06,71.25,366.5,0.04063,0.04268,11.69,76.08,411.1,0.1256,0.09514,1
15.37,100.2,728.2,0.1122,0.07483,16.43,107.5,830.9,0.2846,0.1476,0
11.94,77.87,441.0,0.06574,0.03791,13.24,92.2,546.1,0.2365,0.1155,1
11.8,78.99,432.0,0.1659,0.07415,13.74,91.93,591.7,0.4504,0.1865,0
14.47,95.81,656.4,0.1009,0.0389,16.22,113.5,808.9,0.404,0.1205,1
11.87,76.83,432.0,0.08777,0.02386,12.79,83.51,507.2,0.3218,0.0875,1
9.436,59.82,278.6,0.0271,0.01406,12.02,75.79,439.6,0.1144,0.05052,1
14.95,96.85,678.1,0.1539,0.08624,18.55,121.4,971.4,0.3355,0.1667,0
11.66,73.7,421.0,0.008306,0.01162,13.28,83.61,542.5,0.03046,0.04262,1
20.09,134.7,1247.0,0.2283,0.128,23.68,158.8,1696.0,0.4932,0.1923,0
15.46,101.7,748.9,0.1466,0.08087,19.26,124.9,1156.0,0.3791,0.1514,0
21.09,142.7,1311.0,0.2487,0.1496,26.68,176.5,2089.0,0.678,0.2903,0
18.63,124.8,1088.0,0.2319,0.1244,23.15,160.5,1670.0,0.6133,0.1848,0
14.74,94.7,668.6,0.04105,0.03027,16.51,107.4,826.4,0.1611,0.1095,1
12.23,78.54,461.0,0.04187,0.04107,14.44,92.15,638.4,0.1377,0.108,1
12.8,83.05,508.3,0.0739,0.04083,13.74,90.72,591.0,0.1901,0.08296,1
11.99,77.61,441.3,0.05441,0.04274,12.98,84.48,513.9,0.1609,0.1202,1
11.22,70.79,386.8,0.004967,0.006434,12.36,78.44,470.9,0.02318,0.03002,1
10.49,67.41,336.1,0.02995,0.01201,11.54,74.22,402.8,0.07987,0.03203,1
20.47,134.7,1299.0,0.1523,0.1015,23.23,152.0,1645.0,0.3092,0.1613,0
16.13,108.1,798.8,0.1722,0.1028,20.96,136.8,1315.0,0.4784,0.2073,0
11.34,72.48,396.5,0.05133,0.01899,13.01,83.99,518.1,0.312,0.08278,1
20.73,135.7,1419.0,0.1367,0.08646,32.49,214.0,3432.0,0.3442,0.1659,0
18.82,123.7,1110.0,0.1594,0.08744,22.66,145.3,1603.0,0.3912,0.1708,0
21.61,144.4,1407.0,0.281,0.1562,26.23,172.0,2081.0,0.7053,0.2422,0
15.73,102.8,747.2,0.1191,0.06211,17.01,112.5,854.3,0.4004,0.1452,1
8.95,58.74,245.2,0.09263,0.02308,9.414,63.34,270.0,0.1544,0.03846,1
13.17,84.28,537.3,0.04859,0.0287,14.9,95.1,687.6,0.1876,0.1045,1
13.21,84.1,537.9,0.02772,0.02068,14.35,91.29,632.9,0.139,0.06005,1
10.51,66.85,334.2,0.02495,0.01875,10.93,70.1,362.7,0.04158,0.03125,1
12.21,78.78,462.0,0.06839,0.02534,13.13,87.65,529.9,0.3076,0.0914,1
13.7,87.76,571.1,0.04548,0.0316,14.96,95.78,686.5,0.1742,0.09077,1
13.9,88.73,602.9,0.02995,0.0207,16.41,104.4,830.5,0.1673,0.0815,1
11.89,77.32,432.2,0.06636,0.03142,13.25,86.2,531.2,0.2806,0.1138,1
12.58,79.83,489.0,0.00186,0.002924,13.5,85.56,564.1,0.005579,0.008772,1
14.45,94.49,642.7,0.118,0.0598,18.33,117.9,1044.0,0.4967,0.1838,0
8.726,55.84,230.9,0.04132,0.01924,9.628,64.48,284.4,0.2456,0.105,1
13.87,88.52,593.7,0.01502,0.02088,15.11,96.74,694.4,0.05285,0.05556,1
13.81,91.56,597.8,0.1558,0.09176,19.2,128.5,1153.0,0.4646,0.2013,0
11.71,74.72,423.6,0.03592,0.026,13.33,86.16,546.7,0.1046,0.06968,1
12.22,79.47,453.1,0.08175,0.02166,13.16,85.13,515.3,0.3535,0.08088,1
14.71,95.55,656.9,0.1293,0.08123,17.87,115.7,985.5,0.3587,0.1834,0
13.45,86.6,555.1,0.03974,0.0278,15.1,97.59,699.4,0.1381,0.07911,1
11.37,72.17,396.0,0.02399,0.02173,12.36,79.29,459.3,0.07529,0.06203,1
14.27,93.77,629.8,0.1463,0.06139,15.29,104.3,728.3,0.4234,0.1362,0
15.1,99.58,674.5,0.1138,0.08534,16.11,105.9,762.6,0.196,0.1423,1
9.029,58.79,250.5,0.313,0.04375,10.31,65.5,324.7,1.252,0.175,1
14.8,95.88,674.8,0.04069,0.0226,16.43,105.9,829.5,0.206,0.08308,1
16.5,106.6,838.1,0.05862,0.04835,18.13,117.2,1009.0,0.1663,0.09123,1
20.51,134.4,1319.0,0.1554,0.0834,24.47,162.7,1872.0,0.4146,0.1563,0
19.18,127.5,1148.0,0.1114,0.06772,23.36,166.4,1688.0,0.3865,0.1708,0
20.26,132.4,1264.0,0.1465,0.08683,24.22,156.1,1750.0,0.4098,0.1573,0
14.64,95.77,651.9,0.09966,0.07064,16.34,109.4,803.6,0.2604,0.1397,1
11.32,71.76,395.7,0.01633,0.003125,12.08,79.82,452.3,0.1089,0.02083,1
8.618,54.34,224.5,0.02061,0.007799,9.507,59.9,274.9,0.1168,0.04419,1
11.61,75.46,408.2,0.07097,0.04497,12.64,81.93,475.7,0.2302,0.1105,1
12.1,78.07,446.2,0.04783,0.03326,13.56,88.33,559.5,0.1603,0.06266,1
11.76,74.72,427.9,0.01657,0.01115,12.98,82.98,516.5,0.05523,0.03715,1
15.71,102.0,761.7,0.07135,0.05933,17.5,114.3,922.8,0.1709,0.1374,1
20.34,135.9,1264.0,0.2565,0.1504,25.3,171.1,1938.0,0.5344,0.2685,0
19.55,133.6,1207.0,0.1784,0.1144,25.05,178.6,1926.0,0.4251,0.1941,0
11.69,76.37,406.4,0.04515,0.04531,12.98,86.12,487.7,0.1395,0.1308,1
18.61,122.1,1094.0,0.149,0.07731,21.31,139.9,1403.0,0.3446,0.149,0
17.54,115.1,951.6,0.1036,0.07488,20.42,139.5,1239.0,0.3508,0.1939,0
11.75,76.1,419.8,0.06843,0.03738,13.32,88.91,543.9,0.1956,0.07909,1
13.34,86.49,520.0,0.1169,0.06987,15.53,96.66,614.9,0.4858,0.1708,1
13.66,89.46,575.3,0.09657,0.04812,15.14,101.4,708.8,0.366,0.1407,1
12.96,84.18,525.2,0.04057,0.01883,14.13,96.31,621.9,0.1604,0.06608,1
12.65,82.69,485.6,0.08017,0.05074,14.38,95.29,633.7,0.3582,0.1407,1
9.0,56.36,246.3,0.003681,0.003472,9.699,60.9,285.5,0.01472,0.01389,1
21.71,140.9,1546.0,0.1168,0.08465,30.75,199.5,3143.0,0.2861,0.182,0
15.12,98.78,716.6,0.0755,0.04079,17.77,117.7,989.5,0.3327,0.1252,0
19.19,126.3,1157.0,0.1193,0.09667,22.03,146.6,1495.0,0.2264,0.1777,0
10.65,68.01,347.0,0.02379,0.01615,12.25,77.98,455.7,0.1125,0.06136,1
12.75,82.51,493.8,0.0388,0.02995,14.45,93.63,624.1,0.1423,0.08045,1
13.87,89.77,584.8,0.03688,0.02369,15.05,99.17,688.6,0.1377,0.06845,1
13.0,82.61,520.2,0.01206,0.01762,14.34,91.06,628.5,0.04462,0.05921,1
13.16,84.06,538.7,0.018,0.01256,14.5,95.29,648.3,0.07698,0.04195,1
12.46,80.43,471.3,0.0683,0.03099,13.46,88.13,551.3,0.1904,0.07625,1
20.18,143.7,1245.0,0.3754,0.1604,23.37,170.3,1623.0,0.7681,0.2508,0
11.62,76.38,408.8,0.102,0.05564,13.36,88.14,528.1,0.3186,0.1416,1
13.53,87.91,559.2,0.06877,0.06556,14.08,91.36,605.5,0.08539,0.07407,1
13.0,87.5,519.8,0.1859,0.09353,15.49,106.2,739.3,0.539,0.206,0
7.729,47.98,178.8,0.0,0.0,9.077,57.17,248.0,0.0,0.0,1
9.423,59.26,271.3,0.0,0.0,10.49,66.5,330.6,0.0,0.0,1
13.05,85.09,512.0,0.09603,0.05603,14.19,94.22,591.2,0.2573,0.1258,1
14.34,92.51,641.2,0.05724,0.04603,16.77,110.4,873.2,0.1632,0.1087,1
23.51,155.1,1747.0,0.2308,0.141,30.67,202.4,2906.0,0.4819,0.2089,0
11.34,72.76,391.2,0.04302,0.02594,12.47,79.15,478.6,0.1624,0.08542,1
15.46,103.8,731.3,0.203,0.0852,17.11,117.7,909.4,0.5911,0.2163,0
15.75,102.6,761.3,0.1147,0.06462,19.56,125.9,1088.0,0.3976,0.1479,0
11.43,73.06,399.8,0.03503,0.02875,12.32,79.93,462.0,0.1399,0.08476,1
13.82,92.33,595.9,0.1357,0.06759,16.01,106.0,788.0,0.3381,0.1521,0
11.5,73.28,407.4,0.02638,0.02069,12.97,83.12,508.9,0.08105,0.06544,1
20.18,133.8,1250.0,0.2133,0.1259,22.03,146.0,1479.0,0.5308,0.2173,0
20.31,132.9,1288.0,0.1519,0.09333,24.33,162.3,1844.0,0.3788,0.1697,0
19.81,130.0,1260.0,0.1479,0.09498,27.32,186.8,2398.0,0.5372,0.2388,0
13.61,87.76,572.6,0.05285,0.03085,16.89,113.2,848.7,0.3796,0.1329,0
13.85,88.68,592.6,0.01342,0.02293,15.63,100.9,749.1,0.04753,0.0589,1
18.31,118.6,1041.0,0.08169,0.05814,21.31,139.2,1410.0,0.3538,0.1571,0
12.46,83.97,475.9,0.2273,0.08543,15.09,97.65,711.4,1.105,0.221,0
20.58,134.7,1290.0,0.164,0.09561,23.24,158.3,1656.0,0.3861,0.192,0
12.89,84.08,516.6,0.1115,0.0339,13.9,92.12,595.6,0.3344,0.1017,1
13.46,87.44,551.1,0.04201,0.03152,15.35,101.9,719.8,0.2654,0.1427,1
14.87,98.64,682.5,0.169,0.08923,18.81,127.1,1095.0,0.4704,0.2027,0
16.6,108.3,858.1,0.09251,0.05302,18.98,126.7,1124.0,0.3403,0.1418,0
16.14,104.3,800.0,0.055,0.04528,17.71,115.9,947.9,0.231,0.1129,1
9.504,60.34,273.9,0.02956,0.02076,10.23,65.13,314.9,0.08867,0.06227,1
18.31,120.8,1052.0,0.1569,0.09451,21.86,142.2,1493.0,0.3759,0.151,0
12.43,78.6,477.3,0.01342,0.01699,12.9,81.76,515.9,0.02237,0.02832,1
15.32,103.2,713.3,0.2448,0.1242,17.73,119.8,928.8,0.4429,0.2229,0
16.03,105.8,793.2,0.1204,0.07041,18.76,124.3,1070.0,0.4956,0.1981,0
13.62,87.19,573.2,0.02974,0.02443,15.35,97.58,729.8,0.1049,0.07174,1
12.78,81.37,502.5,0.03653,0.02864,13.46,85.67,554.9,0.1039,0.05882,1
13.48,88.4,559.2,0.1063,0.05439,15.53,107.3,740.4,0.503,0.2258,0
12.32,78.85,464.1,0.03987,0.037,13.5,86.97,549.1,0.1242,0.09391,1
15.61,100.0,758.6,0.04209,0.02847,17.91,115.9,988.6,0.226,0.08568,0
12.87,82.38,512.2,0.039,0.01615,13.9,89.27,597.5,0.1992,0.0578,1
17.85,114.6,992.1,0.04445,0.04178,19.82,127.1,1210.0,0.1048,0.08341,1
11.06,71.49,373.9,0.05397,0.03341,11.92,79.76,440.0,0.2299,0.1075,1
17.99,117.8,991.7,0.1201,0.08824,21.08,138.1,1349.0,0.3301,0.1974,0
11.68,75.49,420.5,0.04279,0.03132,13.32,86.57,549.8,0.149,0.09815,1
16.02,102.7,797.8,0.03299,0.03323,19.19,123.8,1150.0,0.1459,0.09975,0
12.72,80.98,501.3,0.01402,0.01835,13.82,88.87,586.8,0.03469,0.03612,1
19.73,130.7,1206.0,0.2417,0.0974,25.28,159.8,1933.0,0.8489,0.2507,0
8.598,54.66,221.8,0.03,0.009259,9.565,62.06,273.9,0.09001,0.02778,1
14.19,92.87,610.7,0.1115,0.06462,16.86,115.0,811.3,0.3744,0.1772,0
10.44,66.62,329.6,0.006643,0.01216,11.52,73.47,395.4,0.02639,0.04464,1
14.42,94.48,642.5,0.09388,0.05839,16.33,109.5,826.4,0.3194,0.1565,0
14.78,97.4,668.3,0.1267,0.09029,17.31,114.6,925.1,0.3024,0.1614,0
16.13,107.0,807.2,0.1354,0.07752,20.21,132.7,1261.0,0.5274,0.1864,0
10.17,64.55,311.9,0.01084,0.0129,11.02,69.86,368.6,0.02168,0.02579,1
13.65,87.88,568.9,0.03888,0.02563,15.34,99.71,706.2,0.1759,0.08056,1
12.95,83.14,513.7,0.06155,0.0337,13.74,88.81,585.4,0.2241,0.1056,1
13.78,88.37,585.9,0.01055,0.009937,15.27,97.9,706.6,0.03517,0.03312,1
9.731,63.78,300.2,0.4108,0.07857,11.02,71.04,380.5,0.8216,0.1571,1
12.98,84.52,514.0,0.07107,0.0295,14.42,99.21,634.3,0.3439,0.09858,1
12.39,80.64,462.9,0.05892,0.0288,14.18,95.23,600.5,0.3206,0.09804,1
18.22,118.7,1027.0,0.113,0.0795,21.84,140.9,1485.0,0.3853,0.1776,0
14.68,94.74,684.5,0.07395,0.05259,19.07,123.4,1138.0,0.2914,0.1609,0
13.54,87.46,566.3,0.06664,0.04781,15.11,99.7,711.2,0.239,0.1288,1
10.91,69.14,363.7,0.01236,0.01369,11.37,72.42,392.2,0.02884,0.03194,1
19.27,127.9,1162.0,0.1657,0.07593,24.15,161.4,1813.0,0.6091,0.1785,0
13.05,82.71,530.6,0.004559,0.008829,14.73,93.96,672.4,0.01824,0.03532,1
15.1,97.26,712.8,0.05253,0.03334,18.1,117.7,1030.0,0.2712,0.153,0
12.77,82.02,507.4,0.03112,0.02864,13.75,89.04,579.5,0.05186,0.04773,1
12.16,78.29,455.3,0.02916,0.01527,13.34,88.83,547.4,0.162,0.0569,1
17.95,114.2,982.0,0.07293,0.05596,20.58,129.2,1261.0,0.2249,0.1185,0
20.64,134.8,1335.0,0.1527,0.08941,25.37,166.8,1946.0,0.4159,0.2112,0
11.94,75.71,437.6,0.01972,0.01349,13.1,83.67,527.2,0.09203,0.06296,1
13.56,88.59,561.3,0.0786,0.04451,14.98,101.1,686.6,0.2577,0.0909,1
18.03,117.5,990.0,0.109,0.06254,20.38,133.3,1292.0,0.429,0.1535,0
12.62,81.35,496.4,0.05438,0.02036,14.2,90.67,624.0,0.3911,0.118,1
7.691,48.34,170.4,0.09252,0.01364,8.678,54.49,223.6,0.3393,0.05,1
10.25,66.52,324.2,0.06726,0.03965,11.28,71.53,390.4,0.1898,0.09744,1
